"DESCRIPTION","DURATION IN MS","NAME","PARENT SUITE","START TIME","STATUS","STOP TIME","SUB SUITE","SUITE","TEST CLASS","TEST METHOD"
"","486","reportweek@api","chromium","Sun Oct 19 10:41:28 GMT+07:00 2025","passed","Sun Oct 19 10:41:28 GMT+07:00 2025","","","",""
"","1149","homedownload@api","chromium","Sun Oct 19 10:40:14 GMT+07:00 2025","passed","Sun Oct 19 10:40:15 GMT+07:00 2025","","","",""
"","4685","register1.1@api","chromium","Sun Oct 19 10:41:10 GMT+07:00 2025","passed","Sun Oct 19 10:41:14 GMT+07:00 2025","","","",""
"","508","summaryreport@api","chromium","Sun Oct 19 10:43:11 GMT+07:00 2025","passed","Sun Oct 19 10:43:12 GMT+07:00 2025","","","",""
"","494","reportatten@api","chromium","Sun Oct 19 10:41:32 GMT+07:00 2025","passed","Sun Oct 19 10:41:32 GMT+07:00 2025","","","",""
"","498","logout@api","chromium","Sun Oct 19 10:43:49 GMT+07:00 2025","passed","Sun Oct 19 10:43:50 GMT+07:00 2025","","","",""
"","494","changename@api","chromium","Sun Oct 19 10:41:49 GMT+07:00 2025","passed","Sun Oct 19 10:41:50 GMT+07:00 2025","","","",""
"","494","reportatrisk@api","chromium","Sun Oct 19 10:41:23 GMT+07:00 2025","passed","Sun Oct 19 10:41:23 GMT+07:00 2025","","","",""
"","484","mark@api","chromium","Sun Oct 19 10:40:29 GMT+07:00 2025","passed","Sun Oct 19 10:40:29 GMT+07:00 2025","","","",""
"","859","Login@api","chromium","Sun Oct 19 10:24:35 GMT+07:00 2025","passed","Sun Oct 19 10:24:36 GMT+07:00 2025","","","",""
"","495","holiday@api","chromium","Sun Oct 19 10:41:53 GMT+07:00 2025","passed","Sun Oct 19 10:41:54 GMT+07:00 2025","","","",""
"","1165","Loginteacher@api","chromium","Sun Oct 19 10:24:40 GMT+07:00 2025","passed","Sun Oct 19 10:24:41 GMT+07:00 2025","","","",""
"","1159","reportatten@api","chromium","Sun Oct 19 10:40:10 GMT+07:00 2025","passed","Sun Oct 19 10:40:11 GMT+07:00 2025","","","",""
"","515","subreport@api","chromium","Sun Oct 19 10:43:15 GMT+07:00 2025","passed","Sun Oct 19 10:43:15 GMT+07:00 2025","","","",""
"","1634","Teacher Home@api","chromium","Sun Oct 19 10:43:54 GMT+07:00 2025","failed","Sun Oct 19 10:43:55 GMT+07:00 2025","","","",""
"","473","Deleteclassroom@api","chromium","Sun Oct 19 10:43:31 GMT+07:00 2025","passed","Sun Oct 19 10:43:31 GMT+07:00 2025","","","",""
"","507","warntime@api","chromium","Sun Oct 19 10:41:40 GMT+07:00 2025","passed","Sun Oct 19 10:41:41 GMT+07:00 2025","","","",""
"","585","Update Users@api","chromium","Sun Oct 19 10:38:56 GMT+07:00 2025","passed","Sun Oct 19 10:38:57 GMT+07:00 2025","","","",""
"","393","status@api","chromium","Sun Oct 19 10:41:59 GMT+07:00 2025","passed","Sun Oct 19 10:41:59 GMT+07:00 2025","","","",""
"","651","create@api","chromium","Sun Oct 19 10:39:47 GMT+07:00 2025","passed","Sun Oct 19 10:39:47 GMT+07:00 2025","","","",""
"","489","homereport@api","chromium","Sun Oct 19 10:43:24 GMT+07:00 2025","passed","Sun Oct 19 10:43:24 GMT+07:00 2025","","","",""
